employeeId,average_score,No_of_Trainings,performance
2153,97.33333333333333,3,Excellent
309,96.33333333333333,3,Excellent
8820,95.66666666666667,3,Excellent
4992,95.66666666666667,3,Excellent
907,95.33333333333333,3,Excellent
